<?xml version="1.0" encoding="UTF-8" standalone="yes"?>
<addon id="repository.nibiru" name="Nibiru MediaCenter" version="1.0" provider-name="Nibiru MediaCenter">
	<extension point="xbmc.addon.repository" name="Nibiru MediaCenter">
		<info compressed="false">addons.xml</info>
		<checksum>addons.xml.md5</checksum>
		<datadir zip="true">Zips</datadir>
	</extension>
	<extension point="xbmc.addon.metadata">
		<summary>Repo de Nibiru MediaCenter</summary>
		<description>J César Sánchez</description>
		<platform>all</platform>
	</extension>
</addon>

