﻿<?xml version="1.0" encoding="UTF-8" standalone="yes"?>
<addon id="repository.nibiru" version="1.0.1" name="Nibiru Repository" provider-name="Exodus">
	<extension point="xbmc.addon.repository" name="Nibiru Repository">
		<dir>
			<info compressed="false">http://nibiru.rmcabo.com/addons.xml</info>
			<checksum>http://nibiru.rmcabo.com/addons.xml.md5</checksum>
			<datadir zip="true">https://offshoregit.com/tvaresolvers/tva-common-repository/raw/master/zips/</datadir>
		</dir>
		<info compressed="false">http://nibiru.rmcabo.com/addons.xml</info>
		<checksum>http://nibiru.rmcabo.com/addons.xml.md5</checksum>
		<datadir zip="true">http://nibiru.rmcabo.com/</datadir>
	</extension>
	<extension point="xbmc.addon.metadata">
		<summary lang="en">Nibiru repository</summary>
		<description lang="en">Nibiru repository</description>
		<platform>all</platform>
	</extension>
</addon>

